{
  "trust_noise_0.0": {
    "mean": 99.0456,
    "std": 12.48336047064251
  },
  "trust_noise_0.05": {
    "mean": 99.06866917470433,
    "std": 12.373008031207076
  },
  "trust_noise_0.1": {
    "mean": 98.99458721896569,
    "std": 12.4033247772912
  },
  "trust_noise_0.15": {
    "mean": 98.90139308953884,
    "std": 12.518916386339308
  },
  "trust_noise_0.2": {
    "mean": 98.77401341346311,
    "std": 12.668387889642998
  },
  "bid_noise_0.0": {
    "mean": 99.0456,
    "std": 12.48336047064251
  },
  "bid_noise_5.0": {
    "mean": 98.82359793804426,
    "std": 13.808122720767916
  },
  "bid_noise_10.0": {
    "mean": 98.80304482811178,
    "std": 16.25314239056493
  },
  "bid_noise_15.0": {
    "mean": 97.12748010639157,
    "std": 18.877374411877284
  },
  "bid_noise_20.0": {
    "mean": 95.25885686095069,
    "std": 21.830844952243307
  }
}